First_Name,Last_Name,SSN,Email_address,Phone,Address,City,state,zipcode,country
Kimberly,Ortiz,500-21-4923,toni23@castillo.com,889.897.3234x77411,946 Brown Greens Apt. 509,New Sharonside,New Hampshire,82011,Lesotho
Kenneth,Barber,191-90-2789,hernandezjennifer@gmail.com,(691)354-4674x28477,09797 Teresa Camp,Rivasfurt,New Jersey,04961,Zambia
Jessica,Taylor,570-98-6377,codymurphy@davila-weaver.com,(380)228-4863x691,1050 Anthony Greens,Mcconnellton,Colorado,68194,Suriname
Allison,Torres,219-31-3478,vthomas@walker.com,+1-713-623-8226x883,2630 Kline Creek Suite 790,East Stephanie,New Hampshire,88437,Lebanon
Cheryl,Mccormick,578-91-4853,dwoods@hotmail.com,238.301.9442x0994,2221 Henderson Route,Jorgemouth,Wisconsin,51089,Greenland
Heather,Vasquez,840-63-5228,mccallashley@brandt.info,626-117-4403x336,9091 Taylor Lane Suite 929,South Scottfurt,Delaware,57382,Denmark
Kenneth,Johnson,775-28-8430,bsmith@buck.org,(542)937-7753,563 Alexis Spurs,Ryanstad,Idaho,05270,United States Minor Outlying Islands
Lindsey,Sanders,003-68-9573,gilbertmarc@murphy.org,(515)043-3051,769 Singleton Corner,North April,North Carolina,98155,Isle of Man
Roger,Hernandez,158-80-0813,peggy94@yahoo.com,380.078.8722,014 Jason Viaduct Apt. 574,Port Michaelfurt,New York,05507,New Zealand
Patrick,Huffman,786-90-2294,anna57@gmail.com,555-195-3996,64699 Kendra Prairie Suite 068,Jeremiahfort,New Hampshire,18667,Holy See (Vatican City State)
Laura,Macdonald,258-20-6326,lisa26@hotmail.com,921-512-3729x199,750 Brian Glen Suite 025,North Chadtown,Vermont,64063,Iran
Melissa,White,335-41-8422,bdunn@mccall.com,+1-348-970-9762x2268,57318 Douglas Route Suite 240,Berrybury,Nebraska,11783,Antigua and Barbuda
Kristina,Duncan,013-22-0359,william94@hotmail.com,(870)885-4308,97805 Miller Manor Apt. 213,Kathrynmouth,New Jersey,02383,Lithuania
Debra,Reyes,834-07-8592,joan42@hotmail.com,050-287-4506x451,00344 Amanda Prairie,East Kyle,Oklahoma,55779,Morocco
Justin,Hoover,810-38-1130,wendyscott@yahoo.com,+1-733-661-5722x8775,9389 April Way Suite 515,South Rachel,Pennsylvania,06046,Philippines
Michael,Foster,628-28-6154,twheeler@gmail.com,(230)828-5914,862 Little Bypass Apt. 442,Mooreview,Florida,33888,Mayotte
Jeremiah,Black,541-09-0983,aaronbonilla@contreras.biz,322.209.7300,0242 James Parkways,West Joymouth,New Jersey,77178,Iceland
Teresa,Hoover,811-26-4540,lhogan@hotmail.com,126-881-6029x59823,49391 Benson Pike,Port Amy,Ohio,93600,Lesotho
Angela,Larson,153-01-6939,deannamills@burgess-brooks.com,211-003-1366x7217,00656 Wilson Streets,Michealmouth,North Carolina,47236,Thailand
Frank,Oliver,785-92-0812,kylesweeney@collins.biz,7027177779,90961 Jose Shoal Suite 239,Sarafurt,Oklahoma,91972,Bulgaria
Christina,Cruz,330-90-5613,garciadillon@compton.info,067.840.7554,917 Michael Burg Suite 537,North Paula,Virginia,26299,Argentina
Matthew,Dyer,396-29-1151,larrycooper@robles.com,(550)130-5880x735,74699 Burke Island,East Troy,Massachusetts,07070,Thailand
Barbara,Wang,246-03-7316,jasonblevins@rodriguez-bush.info,(830)437-2718,63409 Baldwin Rapid,Lake Kristenview,Iowa,96056,Saint Lucia
Thomas,Stevens,469-01-0624,john96@gmail.com,+1-508-666-2636x098,448 Lewis Light Suite 582,South Jonathanville,Illinois,23567,Djibouti
Victoria,Diaz,149-19-5973,jhull@bennett-jackson.net,(072)319-4309x751,627 Brooks Loop,South Brendaport,Kansas,08395,Uganda
Pamela,Burns,776-04-2757,jennifercollins@gmail.com,9989149196,0441 Mccoy Stream,East Veronicaberg,New Jersey,66336,Namibia
Mark,Stafford,475-70-7185,smitherika@gmail.com,245.228.2092x5868,06062 John Roads Apt. 863,Port Stephen,Idaho,91491,Isle of Man
Veronica,Edwards,734-79-8269,madisonmullins@mason-gonzalez.info,851.341.3092,6294 Deborah Green Apt. 961,Port Jeanne,Missouri,20450,Honduras
Jonathon,Rivera,661-58-4450,danielnorton@terry.biz,+1-541-431-5492,849 Lindsey Radial,New Julia,Ohio,75506,Saint Helena
Tiffany,Pearson,203-76-1980,greenmelissa@gmail.com,+1-013-384-6754,5313 Rose Mall Suite 840,Westburgh,Indiana,08576,Bahrain
Timothy,Baker,228-11-0001,caldwellanthony@gmail.com,2116087375,01233 Jennifer Circles,Allenhaven,North Carolina,69862,Palau
William,Jackson,468-80-8274,olivertheresa@gmail.com,717.840.0242x26861,554 Danielle Throughway Suite 106,Jacksonborough,Oklahoma,30229,Mali
James,Chang,255-68-2367,jordankelly@perry.com,546.809.8191x2369,469 Rodriguez Road,South Stevenmouth,Oklahoma,78116,Tanzania
Joshua,Hughes,419-84-5827,lthompson@yahoo.com,839.075.6859x5456,690 Schultz Glens,New Derektown,Maine,56079,French Guiana
John,Ford,859-68-3337,sheila53@davis.com,+1-053-486-4753,13526 Smith Overpass,Ramseyville,Rhode Island,04152,Hong Kong
Dawn,Hill,363-06-9731,meghan38@yahoo.com,7683364604,773 Tony Parks Suite 147,South Mariaberg,Kansas,20206,Portugal
Oscar,Fitzgerald,478-12-9977,craig83@owens.com,(447)097-5187,938 Harrison Ports,Melissatown,New Hampshire,86936,Latvia
Crystal,Curry,570-79-1177,nhenderson@gmail.com,001-439-966-3012x84489,01662 Miller Way,Halltown,Nevada,59297,New Caledonia
Erica,Moses,528-98-5876,bauermatthew@moody-jones.com,310.258.1895x50613,3394 Randy Estate,Burkeville,New Mexico,62792,United Kingdom
Christopher,Gonzalez,504-89-9436,nicholas17@hotmail.com,775-807-7806,10823 Smith Parkway,Robertsmouth,Tennessee,63556,Greenland
Shannon,Shannon,067-70-6170,rodriguezwilliam@gmail.com,001-087-069-4980x18084,4380 Nelson Ports Suite 033,Richardsland,Washington,68586,Dominican Republic
Madison,Salazar,810-14-2064,whitemackenzie@hotmail.com,577.915.1034,177 Jeffrey Lodge,Guzmanborough,Idaho,42019,Christmas Island
Steven,Robinson,473-19-2876,chad48@hotmail.com,882.610.1223,512 Aguirre Oval Apt. 862,Cindychester,Kentucky,60880,Mexico
Brian,Taylor,789-25-8180,walshheather@yahoo.com,0380958582,50260 Cobb Island,Kington,New York,67627,Comoros
Candace,Hoffman,438-72-0349,qking@foster-smith.com,141-069-5944,2774 Mitchell Tunnel,West Richardtown,North Dakota,07724,Poland
David,Deleon,369-54-8779,nedwards@thomas.com,(875)945-6493x0099,9832 Campbell Gateway,Danburgh,Maine,79042,New Zealand
Brianna,Ferrell,424-51-1930,alison43@navarro-clarke.net,+1-335-252-9886x9596,2504 Leslie Ways Suite 364,Markhaven,Maryland,62658,Azerbaijan
Jason,Johnson,594-81-8115,ann25@yahoo.com,460-123-2453x620,3560 Douglas Fall,Suttonview,Maryland,40357,Haiti
Jerry,King,748-52-5593,patricialawrence@ponce.com,(867)781-7874,93734 English Crest Suite 968,Stephanieshire,Utah,66896,Vanuatu
Noah,Steele,763-88-5106,xadams@hotmail.com,131.298.0713x60678,37228 Daniel Course Apt. 498,Mcphersonmouth,Arkansas,82576,Togo
Nancy,Gray,655-45-8976,nelsonrachael@allen-rodriguez.biz,1074980709,7412 Amanda Radial Suite 033,Marcusshire,South Dakota,06643,Argentina
Daniel,Collins,189-43-5962,holly86@kennedy-golden.com,040-400-0959x43384,3474 Ali Crest,Port Mark,Wisconsin,57238,Italy
Joshua,Simon,284-70-8323,jamie16@simmons.net,001-951-754-0021x0572,6126 Schroeder Lodge,Lake Tracy,Maine,16006,Isle of Man
Jacob,Nguyen,820-58-8271,sarahosborne@yahoo.com,+1-013-008-6569x7924,2675 Wallace Lock,Terrishire,Kansas,40833,Mongolia
Kevin,Charles,164-55-4473,suzanne96@lee-pearson.com,001-650-346-4757x94262,279 Brent Ville Suite 842,Morenomouth,Hawaii,54110,Anguilla
Cheryl,Jordan,447-25-1016,ysilva@king-parks.com,(364)017-9775x120,39928 Ramirez Creek Apt. 285,West Alyssaview,Arizona,24678,Norway
Shawn,Howell,758-41-4455,nicholasschmidt@hotmail.com,001-137-276-5557x4244,178 Amanda Pike Suite 042,Victorhaven,Ohio,37565,Canada
Chelsea,Anderson,497-76-8904,dsmith@yahoo.com,4649045521,135 Hahn Brooks,Brownchester,Delaware,24314,Cape Verde
Jeffery,Alexander,293-17-4794,perezmark@hotmail.com,797.449.3036x2321,218 Ashley Fields,East Sandraside,Idaho,84165,Hungary
Nicole,Kim,434-41-4303,powelljamie@humphrey.com,247-071-0883x4279,47821 Cain Flat Apt. 283,East Cheryl,Texas,62164,United States Minor Outlying Islands
Lance,Gould,101-80-8170,joshua05@hotmail.com,062-175-6535x1926,85780 Christopher Crossroad,Weissview,Wisconsin,33444,Timor-Leste
William,Garcia,344-52-9688,jennifersharp@gmail.com,001-868-230-6381x1791,5211 Knight Motorway,Madisonfurt,Vermont,06416,Tokelau
Zachary,Neal,523-41-0025,tammy94@rhodes-rice.net,084.302.7428x11531,454 Thomas Circles,Garciafort,Rhode Island,88605,Falkland Islands (Malvinas)
Anna,Douglas,030-63-9451,tdavis@yahoo.com,+1-021-824-4099,17593 Stephen Lodge Suite 295,Carlville,Montana,38284,Germany
David,Poole,515-22-4255,melissajohnson@price.com,(524)399-9415x7500,44266 Alexis Locks Suite 005,West Donaldborough,West Virginia,50610,Georgia
Jacqueline,Nash,623-83-2177,caseypollard@hotmail.com,001-972-212-8081,2495 Murillo Centers,Hernandezmouth,Arkansas,41628,Poland
Heather,Smith,071-07-3016,kelseyfritz@murphy.com,+1-637-629-6548x543,3190 Kevin Streets Apt. 961,East Stephen,Delaware,73361,Pitcairn Islands
Gregory,Greene,864-30-4647,joe77@hotmail.com,886-778-3609x273,778 Diaz Inlet,Garrettton,California,31868,French Polynesia
Matthew,Hodges,463-29-6503,bwilliams@guerrero.org,(063)954-4148x186,865 Maria Lodge Apt. 713,South Michelle,Tennessee,77197,San Marino
Pamela,Blevins,336-69-7024,zhayden@cooley-hernandez.biz,443.058.3541,9263 Logan Plain,Murphymouth,South Carolina,43751,Belarus
Robert,Moreno,721-30-8354,sharon20@yahoo.com,(179)234-0411,4273 Samantha Mall Apt. 126,Coryberg,Virginia,58883,United States of America
Cheryl,Martinez,869-63-2433,annawilson@johnson.com,262.797.7900,617 Cordova Village,Charlesland,Maryland,84284,Niger
Robert,Price,447-54-4622,wilsonpatrick@yahoo.com,5973532442,96387 Oneal Plaza,Lake Patriciatown,Vermont,17279,Cape Verde
Faith,Lewis,115-31-9889,lisamartin@hotmail.com,+1-003-141-6666x753,153 Harris Trail Suite 924,Alisonmouth,North Carolina,07819,Uganda
Jesse,Jones,730-81-4739,qshort@nelson.com,434.823.8050,83977 Castillo Flat Suite 492,New Kathy,North Dakota,71213,Chad
Anna,Morris,215-12-5407,savageadrienne@bishop.org,+1-961-962-2174x233,083 Sydney Route,Ruizburgh,Florida,68137,French Polynesia
Joshua,Green,246-47-2976,wendylawrence@vega.com,+1-918-607-1909x121,372 Mathews Lights Suite 056,Esparzamouth,Rhode Island,88146,France
Haley,Black,685-95-4243,keith80@gmail.com,(608)642-4306,245 Jimenez Summit Suite 063,Petersontown,Iowa,98753,Norfolk Island
William,Ho,141-65-4741,ninarodriguez@hotmail.com,245.942.2782x8791,893 Jeremy Drives,South Eric,Nevada,70362,Myanmar
Gabrielle,Allen,884-97-9570,monica14@mack.com,001-831-144-0150x3452,49494 Duncan Lake,South Juanton,New Hampshire,29626,Anguilla
Harold,Barnes,423-12-0899,wongjohn@owen.net,571.316.4917,4623 Watson Rue,East Joseph,Utah,32798,Poland
Becky,Clark,233-91-9606,fmaldonado@martinez-rivera.com,497.453.6116x89442,784 Lisa Shore Suite 011,Lake Meghan,Oklahoma,14448,Bolivia
Alexis,Romero,802-95-4520,woodjamie@hotmail.com,475-830-2508,106 Alice Walk Apt. 095,Carrport,Connecticut,40952,Bolivia
David,Nelson,173-08-0455,melaniehernandez@gmail.com,(267)882-4422x37448,041 Cortez Knolls,Shanefort,Oklahoma,41998,Liechtenstein
Kristin,Curry,493-98-5642,amandarodriguez@knight.biz,308-494-9281,87125 Vincent Point,East Thomas,Ohio,03260,Holy See (Vatican City State)
Michael,Simpson,784-31-7444,rachel20@hotmail.com,(422)102-8105,4899 Sanchez Union Suite 653,South Matthewport,Wyoming,61214,Burundi
Janet,Drake,437-73-7592,harriskaren@hotmail.com,935.178.5596x6087,7131 Nicholas Roads,East Stephanie,Alabama,54456,Venezuela
Gregg,Sparks,075-18-3061,stephanie02@miranda.com,075-851-5466,0343 Kayla Station Suite 667,Miguelhaven,Texas,87797,Falkland Islands (Malvinas)
Ashley,Poole,232-47-9430,kbrown@reyes.info,201-374-6889,792 Jeremy View,Hernandezton,Idaho,71903,Suriname
Wendy,Thompson,867-89-9114,cameron69@browning.com,(285)816-3751,92179 Richard Burgs Apt. 597,Stoneport,Missouri,27923,Egypt
Angela,Irwin,378-01-9896,thomaswilliams@gmail.com,001-375-581-8972x3085,315 Ryan Pike,Moralesmouth,Maryland,03963,Netherlands Antilles
Charles,Martinez,748-72-1478,housealexandria@gmail.com,488-278-2423,5856 Aguilar Cove Suite 298,North Amy,Kentucky,26085,Qatar
Eric,Berger,760-45-9168,rrogers@hotmail.com,975.516.1166,2203 Jason Ville Apt. 703,Weavershire,Utah,42079,Afghanistan
Tina,Nixon,547-74-2326,wesley29@gmail.com,917-371-2481x8869,5142 Chloe Crossing,Christophershire,West Virginia,87917,Jersey
Brandi,Horn,030-92-9478,pkoch@hotmail.com,1574468454,16968 Jones Bypass,Donnafort,Florida,71233,Albania
David,Turner,474-61-5324,allisonlarsen@martinez.biz,(110)181-7353x3455,134 Dalton Stream Suite 740,West Rebecca,Indiana,25174,Morocco
Donna,Williams,204-44-4103,wperez@maxwell.com,(716)316-2471x2856,054 Shields Terrace,South Tamara,Illinois,85289,Haiti
Jessica,Terry,673-65-3055,zgonzalez@yahoo.com,297-052-4580x06810,001 Harris Ranch,Amberborough,Utah,23682,Singapore
Dana,Bolton,121-86-1784,sotojennifer@gmail.com,504.175.1366x5286,05929 Cox Motorway,East Jeffreymouth,North Carolina,41320,Moldova
Kurt,Rodriguez,878-19-7459,katherinetorres@brown-hays.org,289.260.0116x7621,356 Cooper Cliffs,Brownchester,New York,81611,Mongolia
